"ftwhite","ftblack","ftmuslim","presjob","srv_spend","crimespend","ideo5","ftpolice","party","age","race_white","female"
100,100,20,1,7,5,NA,51,"Democrat",56,1,0
74,6,22,3,6,2,2,65,"Independent",59,1,1
50,50,5,7,2,5,4,85,"Republican",53,1,0
64,61,61,2,6,4,2,56,"Democrat",36,1,0
58,61,22,7,1,4,4,89,NA,42,1,0
51,50,11,7,1,7,4,55,"Independent",58,1,0
70,100,100,2,7,2,1,34,"Democrat",38,1,0
70,70,40,7,3,4,5,85,"Republican",65,1,0
50,50,12,7,1,4,4,80,"Independent",43,1,0
90,75,72,2,6,3,2,60,"Democrat",80,1,0
52,53,43,7,2,2,4,97,"Republican",38,1,0
80,80,50,7,3,3,4,90,"Independent",73,1,1
90,88,81,2,5,3,3,91,"Democrat",80,1,0
74,67,53,7,2,4,5,99,"Republican",78,1,1
99,99,2,7,3,2,4,99,"Republican",60,1,1
63,74,61,7,1,7,3,66,"Independent",32,0,0
58,63,61,1,6,4,3,48,"Democrat",35,1,0
81,80,60,2,4,2,3,89,"Democrat",71,1,1
95,100,15,7,1,1,5,100,"Independent",55,1,0
94,92,60,2,6,4,2,63,"Democrat",58,1,1
81,95,100,1,5,3,2,74,"Democrat",66,1,1
71,71,1,6,2,3,5,41,"Republican",61,1,0
51,61,50,3,7,5,1,41,"Independent",62,1,0
87,84,79,1,7,1,2,52,"Democrat",71,1,1
58,39,46,2,5,3,1,54,"Democrat",38,1,0
80,79,63,5,5,3,3,85,"Independent",35,1,0
50,50,51,7,2,3,4,88,"Republican",67,1,1
88,56,77,3,6,4,2,57,"Democrat",72,1,1
75,64,64,2,7,1,2,46,"Democrat",61,1,1
56,58,53,1,5,3,2,89,"Democrat",65,1,1
51,54,50,1,NA,4,5,27,"Republican",22,1,1
62,88,72,3,7,3,1,31,"Democrat",66,1,0
99,51,6,7,1,6,5,100,"Independent",63,1,0
53,50,6,7,2,3,5,84,"Republican",45,1,1
63,60,58,2,5,4,3,70,"Democrat",49,1,0
85,70,59,2,6,6,1,78,"Democrat",71,1,0
69,81,80,2,7,1,1,62,"Democrat",68,1,1
81,80,11,2,4,4,3,31,"Independent",40,1,0
60,60,31,7,3,4,3,90,"Independent",61,1,0
67,71,1,7,2,4,3,88,"Republican",59,1,1
81,67,13,2,6,3,4,97,"Democrat",63,1,0
100,100,100,2,4,4,1,100,"Democrat",43,1,1
55,60,20,7,3,2,4,80,"Independent",72,1,0
99,62,100,1,7,1,3,100,"Democrat",60,1,0
99,95,80,2,6,4,2,70,"Democrat",67,1,0
10,19,0,7,1,6,3,50,"Independent",54,1,0
100,9,9,7,5,2,4,46,"Democrat",64,1,1
66,62,56,5,5,7,3,60,"Democrat",44,0,0
94,97,99,1,7,2,2,52,"Democrat",56,1,1
75,59,0,7,3,3,5,70,"Independent",38,1,0
72,52,31,4,5,4,1,53,"Democrat",40,1,1
51,69,51,1,6,4,3,48,"Democrat",39,1,0
50,41,40,7,3,5,4,71,"Republican",76,1,0
91,91,88,3,4,2,1,51,"Democrat",33,0,1
59,50,29,7,3,4,4,65,"Republican",38,1,1
84,84,75,3,2,3,NA,57,NA,38,0,0
84,41,1,7,2,3,5,36,NA,42,1,0
87,86,69,2,7,2,3,94,"Independent",43,1,1
100,49,22,6,3,4,3,96,"Independent",46,1,0
54,50,50,5,4,7,3,85,"Republican",39,1,0
100,100,100,7,1,4,5,100,"Republican",54,1,0
98,71,66,2,5,2,4,85,"Republican",27,1,1
71,81,90,1,7,4,2,52,"Democrat",56,1,1
50,50,35,6,3,5,4,60,"Independent",48,1,0
5,100,100,1,7,7,1,0,"Democrat",47,0,0
65,66,65,2,5,3,3,59,"Independent",32,1,0
37,50,29,6,6,6,2,5,"Democrat",58,0,0
80,75,75,2,7,3,1,75,"Democrat",80,1,0
51,51,8,7,1,3,4,59,"Independent",49,1,0
100,100,0,7,1,7,4,50,NA,42,1,0
50,51,50,6,3,4,4,60,"Independent",52,1,1
84,93,94,1,7,4,1,14,"Independent",57,1,0
99,22,3,3,6,4,1,1,"Democrat",60,1,0
72,50,4,7,3,1,3,99,"Independent",74,1,0
47,46,51,2,4,2,3,97,"Independent",78,1,1
91,50,49,7,2,4,4,66,"Independent",63,1,0
80,75,60,1,4,4,2,80,"Democrat",80,1,1
50,50,50,7,1,2,5,90,"Independent",55,1,0
62,62,0,7,1,2,5,95,"Republican",63,1,0
99,99,51,7,NA,3,3,99,"Independent",55,1,0
72,70,71,7,3,3,3,88,NA,69,1,1
51,56,52,3,2,4,1,35,"Independent",43,0,1
90,90,50,1,6,2,3,86,"Democrat",64,0,1
50,88,3,3,2,4,2,75,"Democrat",52,0,1
75,60,52,3,4,5,3,32,"Republican",62,1,0
50,50,50,7,2,4,5,70,"Republican",49,1,1
50,50,90,2,7,3,2,56,"Democrat",53,1,0
50,50,50,4,NA,3,3,47,"Independent",30,0,1
81,75,18,6,3,4,4,9,"Independent",70,1,1
49,50,1,7,5,1,3,70,"Independent",47,1,0
90,95,95,2,7,5,2,46,"Democrat",30,1,1
100,100,50,1,7,1,2,13,"Democrat",60,1,0
100,100,47,7,1,1,4,99,"Independent",63,1,1
90,90,65,2,5,1,3,70,"Democrat",76,1,1
96,94,94,2,7,2,2,51,"Democrat",65,1,0
54,91,99,2,4,4,3,56,"Independent",43,1,1
99,99,41,7,1,4,5,99,"Republican",83,1,1
80,80,50,7,2,4,4,72,"Independent",56,1,0
71,72,79,2,4,4,1,89,"Independent",48,1,1
100,0,0,7,3,1,4,100,"Independent",73,1,0
55,92,78,2,5,5,1,31,"Independent",79,1,0
50,51,40,7,1,3,4,70,"Republican",54,1,0
100,100,51,1,7,1,2,50,"Democrat",54,1,0
100,34,50,1,1,1,1,100,"Democrat",72,0,1
50,50,50,5,3,5,NA,50,"Independent",39,1,0
82,100,80,1,NA,NA,NA,33,NA,25,0,1
50,50,50,7,1,7,5,35,NA,51,1,0
71,89,69,2,4,3,3,79,"Democrat",73,1,1
50,50,40,3,7,4,2,50,"Democrat",61,1,0
100,100,31,7,1,4,4,90,"Republican",62,1,1
73,73,0,7,1,4,4,99,"Republican",85,1,0
95,95,70,2,5,3,3,95,"Democrat",63,1,0
90,2,2,7,2,1,4,97,"Independent",67,1,0
95,75,3,7,2,1,4,96,"Republican",84,1,1
64,61,58,2,4,4,2,42,"Democrat",43,1,1
52,52,50,4,NA,4,NA,49,"Independent",43,1,1
35,60,50,2,4,4,3,40,"Independent",44,1,0
45,71,69,2,7,1,5,31,"Democrat",55,1,0
74,26,18,3,3,5,4,39,"Independent",52,1,0
85,80,72,2,5,3,3,63,"Democrat",64,1,0
55,41,40,6,4,4,3,65,NA,44,1,1
51,100,31,7,6,3,NA,99,"Independent",69,1,1
70,72,1,7,4,4,3,100,"Democrat",71,0,0
100,100,50,7,4,3,5,85,"Republican",53,1,1
52,50,51,2,3,1,NA,71,"Independent",64,1,0
87,78,78,2,6,2,2,81,"Democrat",55,1,1
75,73,50,5,5,2,3,100,"Democrat",77,1,1
51,50,0,7,2,4,5,100,NA,79,1,0
85,78,49,6,NA,4,4,87,"Republican",62,1,0
72,71,72,1,4,3,1,20,"Democrat",50,1,1
45,80,50,2,5,4,1,10,"Democrat",41,0,1
59,61,51,2,3,3,3,90,"Republican",59,1,0
55,50,52,7,2,1,NA,73,"Independent",58,1,0
50,50,34,6,4,3,4,91,"Republican",57,1,1
81,89,72,2,4,2,2,50,"Democrat",54,0,0
99,62,10,7,1,2,3,100,"Democrat",75,1,1
61,50,50,5,1,2,3,69,"Republican",75,1,1
96,90,8,4,NA,2,NA,97,"Republican",66,1,1
45,48,2,6,1,4,4,27,"Democrat",78,0,0
62,61,35,7,1,4,4,81,"Democrat",56,1,0
63,50,45,4,4,3,3,59,"Democrat",38,0,0
86,90,79,7,3,2,3,92,"Independent",68,1,1
100,80,79,1,6,2,1,100,"Democrat",57,1,0
60,57,95,2,7,4,1,30,"Democrat",55,0,0
75,75,51,2,6,4,3,69,"Independent",60,1,1
100,76,2,6,NA,4,4,99,"Republican",39,1,0
45,95,71,2,5,3,3,66,"Democrat",57,0,0
45,50,18,7,1,2,3,96,"Republican",61,1,1
74,15,10,7,4,2,4,72,"Republican",34,1,0
75,60,56,1,3,2,2,75,"Democrat",51,1,0
50,12,50,7,1,4,4,63,"Independent",41,1,1
78,23,0,7,NA,4,3,90,"Republican",52,1,1
100,1,1,7,2,3,5,59,"Republican",63,1,0
92,88,21,5,4,2,4,92,"Republican",66,1,1
96,45,33,7,2,3,4,84,"Republican",61,1,1
68,66,37,2,4,3,4,10,NA,44,1,0
85,95,90,1,4,2,3,90,"Democrat",61,0,0
100,100,66,7,1,2,5,67,"Republican",52,1,0
95,92,0,7,7,1,4,100,"Independent",58,1,0
100,99,100,2,7,3,1,75,"Democrat",63,1,0
95,70,15,7,2,4,5,100,"Republican",74,1,1
100,100,22,7,5,1,3,100,"Independent",66,1,1
100,100,80,2,4,3,1,90,"Democrat",52,0,1
86,86,10,2,2,3,3,100,"Democrat",70,1,0
35,48,14,3,NA,4,3,36,"Democrat",44,0,1
92,72,21,7,1,3,4,99,"Republican",78,1,0
85,93,13,7,2,5,4,97,"Republican",62,1,0
73,60,50,6,3,4,3,78,"Independent",62,1,1
50,50,30,6,1,5,4,60,"Independent",26,1,0
51,50,48,2,4,5,2,40,"Democrat",35,0,1
100,9,0,7,1,2,4,95,"Independent",66,1,0
51,55,11,7,NA,4,NA,51,"Independent",36,1,1
88,87,73,2,5,3,2,91,"Democrat",76,1,1
100,100,0,7,1,1,5,100,"Republican",80,1,0
55,100,100,1,6,5,1,70,"Democrat",55,0,1
61,19,6,7,1,2,4,49,"Republican",30,1,1
98,51,6,7,4,2,4,91,"Independent",62,1,0
68,58,5,7,4,2,4,87,"Republican",57,1,0
76,76,65,6,4,3,4,96,"Republican",57,1,1
99,80,80,1,5,2,2,98,"Democrat",48,1,1
79,51,1,7,NA,1,4,91,"Independent",70,1,0
67,83,8,7,7,5,4,45,"Republican",84,1,1
95,10,10,7,1,3,4,75,"Republican",59,1,1
54,87,86,3,NA,1,2,76,"Democrat",61,0,1
50,51,18,6,3,4,3,35,"Independent",37,1,0
50,75,50,1,5,2,2,30,"Democrat",41,1,1
70,97,80,2,4,4,1,59,"Democrat",60,1,1
100,85,41,7,1,2,4,99,"Republican",43,1,0
50,50,31,7,1,4,5,90,"Independent",63,1,1
0,50,3,7,4,4,5,18,"Independent",36,1,1
64,88,95,1,7,4,3,55,"Independent",64,1,1
100,100,90,2,5,4,3,60,"Democrat",42,1,0
72,70,70,7,3,4,3,84,"Republican",59,1,1
53,43,43,7,4,4,3,43,"Independent",34,1,0
50,50,50,7,1,NA,4,93,"Independent",55,0,1
91,82,0,7,3,2,5,100,"Republican",91,1,0
70,2,0,7,1,4,4,91,"Republican",36,1,0
91,52,0,7,4,3,3,89,"Independent",64,1,0
50,50,50,2,3,4,1,40,"Democrat",32,1,1
98,59,5,7,1,7,5,99,"Republican",56,1,1
99,87,63,7,NA,2,5,99,"Republican",79,1,0
86,97,51,1,NA,4,3,97,"Democrat",38,1,0
80,91,81,2,6,2,2,37,"Democrat",55,1,1
40,61,11,2,4,1,4,41,"Democrat",62,0,0
55,50,10,7,2,4,5,69,"Republican",56,1,1
56,49,23,7,3,2,NA,61,"Democrat",64,1,1
71,71,65,2,NA,1,4,40,"Democrat",75,0,1
99,0,3,7,1,1,5,100,"Independent",75,1,0
87,83,75,2,5,5,3,93,"Independent",55,1,1
70,27,1,7,1,2,4,69,"Republican",27,1,0
98,62,1,7,2,4,4,52,"Independent",49,1,0
42,55,0,7,1,2,4,50,"Republican",54,1,1
73,79,75,3,5,3,2,45,"Independent",40,0,0
75,58,31,3,5,3,3,90,"Democrat",61,1,1
85,85,50,7,1,6,3,86,"Independent",57,1,0
91,96,51,5,5,4,1,42,"Independent",60,1,1
52,70,50,6,5,2,3,71,"Independent",65,1,1
78,75,61,6,3,4,3,74,"Independent",69,1,1
87,89,40,7,2,2,4,99,"Republican",69,1,0
50,50,50,7,1,5,5,51,"Republican",32,1,1
100,100,45,7,1,4,3,71,"Republican",77,1,1
100,100,96,2,6,4,2,95,"Independent",38,1,1
70,70,40,6,2,1,4,91,"Independent",84,1,1
62,63,60,1,NA,4,5,58,"Democrat",43,1,1
100,99,49,3,7,2,1,50,"Democrat",61,1,1
53,41,50,7,2,4,4,53,"Republican",46,1,1
51,50,30,7,1,4,4,90,"Independent",74,1,0
99,66,27,6,1,4,4,83,"Republican",56,1,1
84,72,63,1,5,3,2,65,"Democrat",58,1,1
50,50,50,7,2,5,4,95,"Independent",70,1,0
88,75,1,1,3,4,3,100,"Democrat",44,1,1
83,50,2,7,3,2,4,75,"Independent",44,1,0
53,53,55,4,4,3,3,89,"Independent",28,1,1
51,51,1,7,1,7,4,70,"Independent",53,1,0
60,46,0,7,3,2,4,90,"Democrat",51,1,0
11,69,43,2,6,2,1,11,"Democrat",28,1,0
73,87,72,2,7,1,2,41,"Democrat",68,1,0
60,51,31,7,4,4,4,55,"Independent",40,1,0
17,38,14,4,3,4,4,32,"Republican",39,0,0
100,30,5,7,1,1,3,5,"Republican",62,1,1
31,58,51,2,6,1,3,1,"Democrat",61,0,1
100,100,95,3,5,3,5,93,"Independent",39,1,1
100,100,100,2,2,4,2,100,"Independent",53,1,1
50,50,45,6,2,1,3,61,"Republican",33,1,0
50,14,8,6,2,4,4,50,"Republican",40,1,1
48,64,52,2,4,2,1,99,"Democrat",52,1,1
78,81,70,1,7,4,2,99,"Democrat",57,1,1
80,80,75,4,4,3,4,60,NA,39,1,0
94,44,41,3,1,3,3,50,"Democrat",41,1,0
61,50,51,3,5,3,3,83,"Republican",63,1,0
80,50,0,7,3,3,5,98,"Republican",50,1,0
88,60,50,2,3,3,3,69,"Democrat",60,1,1
100,82,1,7,4,3,4,89,"Republican",60,1,0
52,49,20,7,4,3,4,80,"Independent",83,1,1
50,50,50,2,2,4,2,94,"Democrat",62,1,1
97,59,2,3,5,3,3,44,"Democrat",77,1,1
100,100,0,7,NA,7,NA,100,"Republican",58,0,0
25,24,7,6,4,3,3,76,"Democrat",59,1,1
79,78,75,2,6,2,1,63,"Democrat",28,1,1
42,70,62,2,7,2,2,94,"Independent",62,0,0
50,50,41,7,3,3,3,76,"Republican",60,1,0
69,79,59,1,7,4,2,79,"Independent",75,0,0
51,50,11,7,1,2,3,98,"Independent",78,1,1
59,31,6,7,4,4,5,70,"Republican",80,1,0
70,51,1,7,1,3,4,65,"Independent",59,1,0
70,92,91,3,6,2,3,81,"Independent",49,1,0
90,80,90,1,NA,2,2,90,"Democrat",60,0,0
90,88,40,1,3,3,3,38,"Democrat",83,1,1
85,85,81,3,4,4,2,75,"Independent",20,1,0
62,93,81,2,6,3,1,27,"Democrat",61,1,0
98,99,98,1,7,6,2,50,"Independent",64,1,1
98,19,9,7,1,2,4,85,"Republican",41,1,1
50,50,50,7,1,7,4,50,NA,28,0,0
50,50,50,6,2,4,5,96,NA,59,1,0
99,100,60,1,NA,2,2,78,"Democrat",69,0,1
100,15,1,7,5,4,3,90,"Republican",57,1,0
71,69,79,1,7,3,2,70,"Democrat",70,1,1
73,56,48,1,6,2,2,69,"Democrat",39,1,1
55,55,1,7,1,1,5,70,NA,58,0,0
83,63,5,7,4,4,3,50,"Independent",60,1,0
89,89,40,7,4,3,3,77,NA,64,1,1
71,72,22,6,4,3,3,63,"Republican",61,1,1
75,95,92,1,5,4,1,13,"Democrat",67,1,0
50,100,30,2,4,3,3,59,"Democrat",62,0,0
50,50,5,7,5,1,4,29,"Republican",65,1,0
75,71,0,6,2,1,3,75,"Independent",60,1,1
100,100,100,3,5,2,4,72,"Democrat",55,0,0
80,75,71,4,4,4,3,80,"Democrat",73,1,1
47,46,3,6,2,3,4,78,"Independent",55,1,1
70,47,50,7,4,2,3,95,"Democrat",76,1,1
53,55,59,2,4,4,4,58,"Democrat",30,0,0
99,87,82,7,4,4,4,100,"Republican",36,0,0
52,76,61,2,4,2,3,67,"Democrat",69,1,1
90,91,50,4,NA,4,4,81,"Independent",51,1,1
85,41,3,7,4,2,4,70,"Independent",62,1,0
85,93,46,7,2,3,5,81,"Independent",55,1,1
87,86,84,2,4,3,2,93,"Democrat",65,1,1
50,50,49,7,4,3,4,100,"Republican",51,1,0
70,71,69,2,7,6,1,6,"Democrat",66,1,1
64,50,31,7,3,5,5,92,"Independent",52,1,1
77,67,71,2,5,4,3,100,"Democrat",73,0,1
54,50,51,4,4,4,3,51,"Republican",47,0,1
69,48,3,7,2,4,4,87,"Republican",73,1,1
57,39,48,7,4,1,4,41,"Republican",59,1,1
100,100,5,4,1,4,NA,16,"Democrat",55,1,1
99,98,80,2,7,1,1,43,"Democrat",71,1,1
49,81,0,7,NA,7,5,94,NA,61,0,1
98,79,91,2,7,7,2,99,"Independent",53,0,1
50,50,30,7,1,3,4,13,"Independent",40,1,0
75,77,72,5,1,4,3,37,"Independent",33,0,1
50,50,50,7,4,3,3,94,"Independent",62,1,0
90,60,0,7,1,4,5,96,"Republican",90,1,1
87,66,34,2,1,4,2,9,"Democrat",44,1,1
100,96,70,7,7,4,4,99,"Republican",51,1,0
100,100,49,4,4,2,3,100,"Democrat",61,1,1
91,84,52,7,2,3,NA,96,"Independent",69,1,1
71,57,8,1,6,4,3,100,"Democrat",65,0,0
75,59,41,7,1,5,4,96,NA,76,1,0
33,99,50,1,7,3,5,68,"Democrat",32,0,1
84,56,22,2,NA,2,3,79,"Democrat",60,1,1
90,99,50,1,4,4,5,41,"Democrat",56,0,1
73,29,10,7,2,4,3,98,"Democrat",73,1,1
99,58,0,7,7,4,3,97,"Independent",44,1,1
93,39,27,2,3,4,2,41,"Democrat",44,1,1
72,51,1,7,1,2,4,100,"Independent",42,1,0
69,69,0,2,6,5,3,50,"Independent",43,1,0
84,94,86,4,4,2,3,93,"Democrat",70,1,1
77,79,20,6,4,3,3,91,"Republican",67,1,0
50,50,50,4,NA,4,2,50,"Democrat",48,0,0
52,69,56,1,5,2,2,40,"Democrat",48,1,1
78,76,19,7,1,3,4,91,"Republican",56,1,1
71,61,50,2,7,4,3,87,"Independent",71,1,1
48,73,26,7,2,4,4,70,"Republican",35,1,0
85,84,0,5,6,4,2,64,"Democrat",24,0,0
84,88,68,1,7,3,3,29,"Democrat",66,0,1
85,86,50,7,1,7,4,71,"Independent",69,1,0
100,50,0,7,1,7,5,100,"Republican",41,1,0
50,50,1,7,1,4,5,61,"Republican",71,1,1
50,50,51,4,3,3,3,86,"Independent",74,1,0
89,85,91,1,7,1,1,71,"Democrat",73,0,1
100,100,28,4,7,1,3,100,"Democrat",65,0,0
99,96,21,6,7,1,4,99,"Democrat",73,1,1
50,76,50,7,4,2,4,100,"Republican",60,1,1
100,75,50,7,1,4,4,95,"Independent",77,1,1
90,90,95,1,6,4,3,65,"Democrat",62,1,1
60,50,5,3,3,2,3,60,NA,80,1,0
70,63,48,4,4,4,3,66,"Republican",53,1,1
49,70,95,2,7,2,2,70,"Independent",42,0,0
60,59,53,7,3,3,3,97,"Independent",31,1,1
66,51,51,7,3,4,4,72,"Republican",66,1,1
78,84,92,2,6,4,1,86,"Independent",62,1,0
95,69,29,7,1,7,5,93,"Republican",55,1,1
100,38,5,7,5,4,4,100,"Independent",73,1,0
88,96,84,2,5,1,4,99,"Independent",26,0,1
87,76,36,5,NA,3,3,73,"Independent",50,1,1
51,51,10,6,2,4,4,66,"Independent",61,1,0
80,60,4,2,5,4,3,70,"Democrat",63,1,0
50,50,49,7,1,3,3,90,"Independent",65,0,1
97,74,74,2,5,3,2,82,"Independent",65,1,0
51,50,40,6,3,5,4,70,"Republican",38,1,1
99,0,0,3,7,5,2,9,"Democrat",67,1,0
75,61,3,3,2,2,3,24,"Democrat",59,1,0
97,53,10,3,6,4,4,43,"Democrat",35,1,0
100,2,6,7,1,5,NA,41,"Independent",45,1,0
85,85,64,7,2,3,3,80,"Independent",73,1,1
90,50,0,7,1,2,4,100,"Republican",60,1,1
67,63,76,1,7,1,1,47,"Democrat",56,1,1
61,50,61,2,4,3,3,41,"Republican",54,0,1
79,56,4,6,4,3,4,71,"Republican",54,1,1
50,51,41,1,NA,2,3,81,"Democrat",69,0,1
60,40,30,7,1,1,5,74,"Republican",58,1,0
50,51,50,7,1,4,4,51,"Independent",62,1,0
70,66,0,7,1,4,5,100,"Republican",58,1,1
61,40,31,6,6,4,2,33,"Democrat",51,1,0
71,100,60,1,2,1,3,70,"Democrat",61,0,1
66,55,42,7,2,5,4,75,"Republican",69,1,1
50,50,53,6,1,5,5,67,"Independent",23,1,0
100,98,1,7,2,4,5,77,"Republican",66,1,1
50,50,50,7,1,2,5,85,"Independent",49,1,0
50,50,5,7,3,4,4,50,"Independent",42,1,0
80,63,50,2,7,2,4,5,"Democrat",51,0,1
0,50,51,1,5,2,1,50,"Democrat",24,0,0
30,80,40,2,4,4,3,20,"Independent",34,0,1
82,100,91,1,6,1,1,29,"Democrat",59,0,1
50,4,6,7,3,2,3,98,"Republican",62,1,0
60,59,50,3,4,2,3,69,"Republican",52,1,0
95,65,60,2,6,4,NA,65,"Independent",28,1,1
75,75,60,5,4,4,3,54,"Independent",34,1,0
100,12,1,7,1,2,5,89,"Republican",43,1,1
50,90,35,1,7,2,3,11,"Independent",64,0,0
93,36,3,2,1,4,3,39,"Democrat",59,1,1
71,99,94,1,NA,4,3,50,"Democrat",41,0,0
96,37,25,3,5,4,NA,85,"Democrat",32,1,1
85,89,11,7,2,3,5,97,"Republican",34,1,0
94,70,48,7,2,2,4,94,NA,64,1,0
76,75,21,7,1,3,4,96,"Independent",71,1,0
50,50,0,7,1,3,4,70,NA,60,0,0
51,98,71,2,NA,2,2,36,"Democrat",36,1,1
64,49,50,6,NA,2,4,80,"Independent",43,1,1
61,66,34,7,1,5,4,100,"Independent",42,1,0
79,98,92,1,7,2,4,94,"Democrat",67,0,1
59,59,41,7,3,1,4,89,"Republican",71,1,0
69,98,66,2,4,4,2,86,"Democrat",59,0,1
100,11,0,7,1,3,4,81,"Independent",76,1,1
75,75,76,2,6,2,2,86,"Democrat",28,0,0
50,100,69,1,5,5,2,66,"Democrat",71,0,0
53,52,7,7,2,5,4,79,"Republican",62,1,1
61,97,89,2,5,3,3,47,"Democrat",41,0,1
50,40,40,7,1,4,4,70,"Independent",55,1,0
85,49,1,7,1,2,4,94,"Independent",55,1,1
53,50,43,2,5,4,2,96,"Democrat",56,1,1
53,50,4,7,4,1,4,86,"Independent",69,0,0
50,50,40,7,1,7,3,75,"Independent",63,1,1
90,70,10,7,3,2,4,95,"Republican",66,1,0
88,61,70,2,5,2,2,59,"Democrat",36,1,1
70,100,41,5,2,3,2,41,"Democrat",61,1,1
42,NA,12,7,1,6,3,72,"Republican",74,1,1
80,90,5,7,1,1,5,98,"Republican",89,1,0
50,51,11,7,2,6,5,90,"Independent",66,1,0
85,85,85,7,1,7,5,85,"Independent",59,0,1
97,89,85,5,4,4,3,93,"Independent",64,1,0
31,99,80,1,7,1,3,8,"Democrat",41,0,0
75,70,49,2,2,4,NA,75,"Independent",36,0,1
51,50,1,7,NA,3,4,51,"Republican",70,1,0
60,72,0,2,6,3,3,66,"Independent",71,1,0
75,100,85,2,6,6,2,61,"Independent",62,1,0
80,71,71,1,5,3,3,71,"Independent",60,1,1
59,18,37,7,1,7,4,74,"Republican",58,1,1
80,80,50,3,5,2,3,70,"Independent",59,1,0
84,83,50,3,5,1,4,92,"Independent",60,1,0
70,61,50,7,2,4,4,92,"Independent",68,1,1
75,99,51,2,5,2,4,70,"Democrat",63,0,1
82,93,68,7,1,2,3,82,"Independent",62,1,0
80,97,89,2,7,6,1,52,"Democrat",65,1,1
100,50,50,7,4,2,3,90,"Republican",56,1,1
70,70,62,6,4,3,4,71,"Republican",57,1,1
69,63,1,7,1,4,5,94,"Republican",63,1,1
86,87,65,2,6,4,NA,39,"Democrat",66,0,1
85,85,21,7,2,3,4,96,"Republican",79,1,0
100,99,70,7,1,4,5,100,"Republican",52,1,0
60,54,24,7,2,3,4,90,"Republican",55,1,1
56,72,50,2,5,4,1,41,"Independent",63,1,0
60,51,52,3,3,4,4,71,"Independent",60,1,1
44,50,41,7,4,5,3,46,"Independent",63,1,0
99,99,80,3,3,5,3,99,"Republican",52,1,1
70,60,55,2,6,5,1,70,"Democrat",40,0,0
89,40,29,7,1,1,4,89,"Independent",74,1,0
99,NA,13,3,5,4,3,78,"Democrat",55,1,1
75,15,0,7,1,7,5,15,NA,64,1,0
100,50,25,5,NA,3,3,100,"Independent",60,1,1
90,39,6,7,1,3,4,80,"Republican",48,1,0
81,34,31,7,1,3,5,78,"Republican",44,1,0
97,50,47,3,3,4,2,91,"Democrat",51,1,1
100,100,32,5,7,2,2,85,NA,58,1,1
71,92,NA,2,2,4,3,67,"Independent",56,0,1
74,71,75,2,5,4,2,84,"Democrat",27,1,0
50,61,41,7,2,4,4,89,"Independent",66,1,0
69,70,51,3,NA,4,NA,50,"Democrat",49,0,1
81,91,12,2,7,1,3,30,"Democrat",72,1,1
50,45,4,7,3,3,3,69,"Independent",67,1,0
71,59,4,3,4,2,3,60,"Democrat",36,1,1
52,52,9,2,4,3,2,91,"Democrat",50,1,1
50,30,30,2,4,5,3,50,"Democrat",36,1,0
79,99,100,1,7,1,5,59,"Republican",27,0,0
52,50,1,7,1,4,5,87,"Republican",46,1,0
97,71,70,1,6,3,2,85,"Democrat",71,1,0
90,90,88,7,1,7,3,0,"Independent",26,1,1
50,50,13,7,1,4,5,63,NA,70,0,0
50,50,50,1,4,5,3,50,"Democrat",55,0,0
60,76,76,1,7,1,3,81,"Independent",32,0,1
48,56,20,3,4,5,5,58,"Independent",22,1,0
90,89,51,7,2,7,NA,100,"Republican",78,1,1
100,100,0,7,4,3,3,40,"Republican",45,1,1
100,26,16,7,3,4,5,93,"Republican",30,1,1
100,94,84,1,6,2,3,91,"Democrat",65,1,0
50,50,50,7,1,4,5,91,"Republican",33,0,1
89,50,1,7,3,2,5,85,"Republican",74,1,1
100,100,100,1,4,4,1,100,"Democrat",55,0,1
71,90,40,7,3,4,4,100,"Independent",71,1,1
67,75,56,2,4,5,2,50,"Democrat",42,0,0
87,84,75,1,7,1,2,100,"Democrat",64,1,0
69,49,50,4,4,2,2,46,"Independent",39,1,1
75,80,87,1,6,1,1,66,"Democrat",75,1,1
2,93,10,7,4,5,NA,0,"Independent",42,0,0
69,79,41,3,6,3,4,63,"Democrat",48,1,1
50,50,60,6,3,3,4,95,"Republican",59,0,0
78,94,84,2,7,3,3,91,"Democrat",57,0,1
100,50,40,6,3,3,4,60,"Republican",61,1,1
90,81,79,1,6,2,2,87,"Democrat",67,1,0
100,100,50,7,1,7,5,50,"Independent",54,0,0
97,96,95,2,5,2,3,89,"Democrat",65,1,0
86,41,26,6,4,4,4,61,"Republican",63,1,1
59,50,10,7,4,2,3,53,"Republican",57,0,1
88,75,6,3,3,3,3,72,"Democrat",43,0,1
70,63,10,7,7,1,3,88,"Democrat",71,1,1
100,34,34,7,NA,2,3,95,"Republican",57,1,1
50,51,50,2,6,3,1,53,"Democrat",31,1,1
86,81,61,1,5,1,1,60,"Democrat",78,1,1
85,85,81,1,7,2,3,70,"Independent",58,0,0
56,69,72,3,6,3,1,62,"Democrat",60,1,1
86,77,59,3,3,4,3,87,"Democrat",34,1,1
30,84,21,1,4,3,3,2,"Democrat",39,0,1
72,72,2,1,5,2,1,81,"Democrat",56,0,0
100,100,50,7,2,4,5,91,NA,52,1,1
100,30,1,5,4,4,3,100,"Republican",78,0,1
44,94,48,2,5,1,3,60,"Democrat",67,0,0
97,80,1,7,2,2,3,100,"Republican",54,1,1
96,97,94,4,7,5,2,92,"Democrat",36,0,0
60,56,16,5,2,5,4,41,"Independent",42,0,1
50,50,40,7,2,4,4,95,"Republican",68,1,0
60,20,2,7,1,2,5,93,NA,70,1,1
83,60,58,2,NA,2,4,79,"Democrat",83,1,1
51,0,0,7,1,7,NA,2,NA,57,1,0
62,3,30,7,4,2,5,77,"Republican",67,1,0
70,100,50,7,1,7,5,91,NA,52,1,0
74,51,37,7,3,4,4,98,"Republican",57,1,0
50,48,3,7,NA,2,5,90,"Republican",64,1,0
20,85,55,1,7,4,1,60,"Democrat",62,1,0
66,79,84,6,7,3,3,100,NA,63,1,1
100,52,0,4,1,4,4,96,"Democrat",57,1,0
77,74,15,7,2,3,4,94,"Republican",74,1,1
89,95,40,7,1,4,5,100,"Independent",63,1,0
100,100,99,1,NA,2,2,86,"Democrat",61,1,0
60,89,0,7,2,7,5,75,"Independent",63,1,0
100,99,99,1,7,1,1,66,"Democrat",76,1,1
84,88,88,4,NA,4,2,89,"Democrat",53,0,1
80,90,6,7,1,1,5,95,NA,48,0,1
70,83,100,1,4,2,1,41,"Democrat",33,1,1
50,50,78,1,5,2,2,68,"Democrat",70,1,1
50,50,41,7,2,4,3,70,"Independent",67,0,1
50,50,39,6,4,4,4,100,"Republican",52,1,1
100,100,100,5,1,7,3,61,NA,71,1,0
78,78,45,7,2,1,4,91,"Independent",80,1,1
100,52,73,4,7,1,3,100,"Democrat",44,1,1
58,85,27,1,NA,5,2,28,"Independent",28,1,0
82,38,7,7,1,4,5,100,"Republican",41,1,1
97,91,90,1,7,4,2,89,"Democrat",78,1,0
49,71,29,5,7,1,4,51,"Democrat",51,0,1
70,71,71,4,5,1,3,51,"Independent",37,0,0
22,35,52,5,2,1,NA,14,"Independent",26,0,0
100,81,25,6,2,1,4,90,"Independent",82,1,0
45,62,57,1,7,2,1,3,"Democrat",56,1,1
68,80,61,2,5,3,2,71,"Democrat",61,0,1
99,80,50,7,4,4,3,70,NA,62,1,0
86,86,51,7,5,1,4,86,"Independent",68,1,1
96,94,89,1,5,3,2,86,"Democrat",60,1,0
51,53,50,5,2,4,3,69,"Democrat",54,1,1
81,42,26,7,1,6,3,86,"Independent",42,1,0
99,88,50,1,5,4,3,38,"Democrat",53,1,1
90,90,60,6,2,2,3,70,"Independent",68,1,0
84,77,82,5,5,3,2,74,"Democrat",24,1,1
72,50,11,6,6,4,4,67,"Democrat",57,1,0
53,38,41,7,3,2,3,87,NA,24,1,0
81,90,81,1,7,5,2,71,"Democrat",61,1,0
1,100,100,1,5,4,2,50,"Democrat",64,0,0
69,72,50,7,1,1,5,87,"Republican",63,1,0
100,83,9,7,4,2,3,97,NA,58,1,1
50,50,51,6,3,2,3,90,"Republican",61,1,1
61,100,94,2,6,5,1,20,"Democrat",33,0,0
37,16,4,7,3,4,2,76,"Independent",25,1,1
52,50,50,2,6,4,3,25,"Republican",36,1,0
50,50,55,2,5,4,2,51,"Democrat",34,1,0
90,61,41,7,2,2,3,91,"Independent",80,1,0
51,52,31,7,1,7,3,85,NA,86,1,0
78,72,59,1,5,2,2,64,"Democrat",75,0,1
51,53,52,6,4,2,3,75,"Independent",60,1,1
87,6,8,6,1,4,4,96,"Republican",32,1,1
77,80,16,4,2,6,3,76,"Independent",37,1,0
41,72,59,1,7,1,1,25,"Democrat",24,0,0
70,1,NA,7,1,1,4,100,"Republican",71,1,0
74,72,51,7,5,5,4,76,"Independent",48,1,1
91,83,1,7,3,4,4,94,"Republican",39,1,0
50,50,50,1,7,4,3,50,"Democrat",48,1,1
50,50,45,6,4,4,3,20,"Independent",23,1,0
49,98,1,1,7,1,2,72,"Democrat",44,0,1
50,50,50,2,6,3,2,74,"Independent",44,1,1
83,41,0,7,2,2,5,72,"Republican",95,1,0
80,37,3,2,NA,4,3,47,"Democrat",52,1,1
90,90,4,6,2,4,3,52,"Independent",76,0,1
68,78,79,2,7,1,3,50,"Democrat",37,0,0
51,99,99,3,7,7,1,0,"Democrat",27,1,0
89,66,41,7,3,2,4,97,"Independent",77,1,0
79,98,99,7,NA,1,NA,100,NA,44,0,0
62,100,51,6,4,2,5,58,"Republican",52,0,0
86,66,0,2,4,4,NA,79,"Independent",44,1,1
87,89,77,1,5,3,1,72,"Democrat",60,1,0
53,54,53,1,6,3,2,63,"Democrat",70,1,1
84,60,50,2,7,1,2,42,"Democrat",33,1,1
51,50,50,6,7,7,3,12,"Independent",25,1,0
55,99,6,5,3,7,NA,12,"Democrat",55,1,1
100,80,1,7,1,3,3,59,"Independent",41,1,1
87,61,41,2,6,1,3,89,"Democrat",58,1,1
44,46,84,3,3,5,3,19,"Independent",53,0,0
96,15,50,5,7,1,1,90,"Democrat",43,1,0
45,41,19,7,4,1,5,99,"Independent",60,1,1
63,53,63,7,5,4,1,55,"Independent",29,0,1
87,95,34,7,4,4,3,63,"Republican",30,1,1
94,97,68,1,5,2,1,75,"Democrat",22,1,0
50,51,51,2,4,1,3,51,"Democrat",60,0,0
50,50,50,7,NA,3,3,71,"Democrat",43,0,1
100,100,100,2,2,1,3,100,"Democrat",66,1,1
91,94,73,2,6,2,2,73,"Democrat",72,1,1
50,52,36,2,NA,1,5,64,"Republican",55,0,1
26,100,99,1,5,4,3,18,"Democrat",42,0,1
NA,NA,51,5,5,2,3,41,"Independent",61,0,1
87,13,0,7,NA,5,2,34,"Independent",44,1,0
70,31,5,3,2,3,3,0,"Democrat",45,1,0
100,18,4,7,1,2,5,98,"Republican",54,1,0
12,89,17,1,5,2,5,22,"Democrat",38,0,0
73,33,48,1,7,4,5,47,"Democrat",34,0,1
100,74,73,6,4,2,3,100,"Republican",61,1,1
78,90,68,1,2,2,1,36,"Democrat",33,0,0
55,91,91,2,5,6,1,21,"Democrat",24,0,1
85,98,9,4,7,4,3,72,"Democrat",58,0,1
89,100,69,1,5,2,NA,79,"Democrat",62,0,1
93,97,96,1,4,2,2,89,"Democrat",73,1,1
41,50,31,4,4,4,3,20,"Independent",62,1,0
91,96,94,2,7,2,1,64,"Democrat",43,1,1
1,0,8,7,NA,3,3,0,"Independent",29,0,1
50,50,50,2,4,2,2,55,"Independent",27,1,0
60,0,0,7,4,3,NA,70,"Independent",41,0,0
89,93,75,2,6,2,1,61,"Democrat",33,1,0
83,67,51,6,1,1,4,96,"Republican",77,1,1
27,18,11,3,4,4,4,27,"Democrat",31,0,1
0,2,1,7,5,4,NA,6,"Independent",51,0,1
90,70,60,6,2,4,4,99,"Republican",76,1,0
100,100,47,6,4,1,3,93,"Independent",38,1,0
1,1,2,7,NA,4,NA,2,NA,32,1,0
97,73,14,7,4,3,4,100,"Independent",67,1,1
70,70,50,4,NA,4,3,61,"Republican",73,0,1
73,69,53,6,3,3,3,65,"Independent",43,1,0
73,50,49,2,4,3,1,50,"Democrat",28,1,0
94,95,51,6,3,2,3,94,"Republican",54,1,1
45,100,100,7,7,1,NA,100,"Democrat",56,0,1
95,40,0,7,NA,2,4,90,"Republican",78,1,1
51,51,50,2,7,2,1,0,"Democrat",21,0,0
50,50,0,7,4,5,4,36,NA,57,1,1
70,65,42,7,2,3,4,92,"Independent",60,1,1
68,78,70,7,2,2,5,99,"Republican",35,1,1
90,30,40,2,NA,2,4,40,"Republican",43,1,0
50,50,50,4,NA,4,3,50,"Independent",22,0,0
41,60,69,1,7,1,3,3,"Democrat",23,0,0
81,68,9,5,4,3,4,69,"Democrat",58,1,0
1,1,0,7,7,7,5,1,"Independent",43,1,0
48,32,20,6,1,4,4,26,"Republican",37,1,1
76,87,71,2,5,3,2,71,"Democrat",49,0,1
50,49,48,4,NA,4,3,50,"Independent",31,1,0
100,100,51,2,4,4,1,60,"Democrat",38,0,1
70,63,57,3,4,4,3,51,"Independent",61,0,1
69,73,61,2,5,1,1,12,"Democrat",62,1,1
66,97,51,2,5,2,3,47,"Democrat",46,1,1
51,51,0,7,4,4,3,15,"Republican",54,1,0
50,50,35,6,4,2,4,94,"Republican",67,1,0
50,50,54,2,3,3,3,81,"Independent",40,0,0
99,99,98,6,4,3,3,71,"Independent",66,1,0
42,98,42,2,6,2,2,21,"Democrat",69,0,1
83,100,70,1,5,4,2,68,"Democrat",44,0,1
41,91,30,7,5,2,5,100,"Republican",76,1,1
89,80,12,4,NA,2,NA,77,"Independent",48,1,0
86,85,46,6,1,2,5,100,"Republican",48,1,0
99,0,100,1,7,1,5,100,"Democrat",21,0,1
85,85,50,7,1,6,5,20,"Republican",44,1,0
95,100,57,3,NA,2,4,60,"Independent",65,0,1
35,86,50,2,2,2,3,57,"Independent",26,0,0
88,94,1,6,3,3,2,72,"Democrat",56,1,1
63,73,22,7,2,6,4,51,"Independent",36,1,1
81,90,59,6,3,1,3,93,"Republican",25,0,1
50,85,50,2,NA,4,2,20,"Democrat",56,0,1
94,95,63,1,7,3,3,99,"Democrat",28,0,1
80,50,0,7,NA,4,NA,65,"Republican",45,1,0
90,6,6,2,4,4,3,31,"Democrat",59,1,0
91,94,89,2,5,2,2,72,"Democrat",43,1,1
90,50,6,4,4,2,NA,100,"Democrat",48,1,0
50,50,30,6,1,6,NA,40,NA,28,0,0
61,63,61,2,5,3,2,57,"Democrat",41,1,1
73,77,62,2,4,2,3,81,"Democrat",82,1,1
62,59,50,1,NA,4,1,0,"Democrat",69,0,0
51,70,50,2,5,2,3,21,"Democrat",27,0,1
87,91,36,1,6,4,5,57,"Republican",36,0,1
50,50,50,3,4,5,3,71,"Independent",24,1,0
98,6,0,7,6,2,3,49,"Republican",64,1,0
99,76,5,3,7,1,NA,76,"Independent",58,1,1
19,97,51,1,5,4,1,87,"Democrat",53,0,1
73,77,77,2,6,3,2,61,"Independent",63,1,0
79,75,92,2,4,4,2,36,"Democrat",25,1,1
61,47,22,6,4,2,3,14,"Independent",39,1,0
99,51,7,2,3,2,NA,91,"Democrat",31,1,0
97,50,1,7,1,1,5,95,"Republican",40,1,0
55,80,65,1,7,2,2,52,"Democrat",50,0,1
50,51,14,7,1,4,4,83,"Republican",23,1,1
72,59,81,1,NA,3,1,55,"Democrat",26,1,0
53,100,100,1,7,4,3,77,"Independent",62,0,0
50,50,50,7,1,3,4,60,"Independent",44,0,0
89,13,57,7,3,2,2,98,"Republican",59,0,0
93,93,92,1,5,3,3,71,NA,62,1,0
100,25,0,7,1,4,3,87,"Independent",23,0,0
57,57,20,2,7,1,4,53,"Democrat",26,0,1
50,50,41,7,3,3,5,70,"Republican",58,1,1
60,48,0,7,1,7,3,49,"Independent",43,0,0
99,78,45,7,2,4,4,100,"Republican",50,1,1
88,81,99,2,5,2,3,68,"Democrat",29,0,1
41,81,44,4,5,4,3,73,"Democrat",49,0,0
70,72,71,3,NA,2,2,66,"Democrat",20,1,1
91,90,90,2,7,6,1,70,"Democrat",35,1,1
68,46,28,2,7,4,4,51,"Independent",38,0,0
93,91,70,2,5,2,3,71,"Independent",65,0,0
53,51,53,3,NA,3,3,56,"Independent",37,0,1
51,41,25,3,5,1,4,17,"Independent",39,1,0
51,50,3,7,1,4,3,50,"Republican",34,0,1
83,100,56,7,2,4,3,12,"Independent",66,1,1
80,70,15,7,2,3,5,70,"Republican",46,1,0
99,69,70,5,7,4,1,78,"Independent",49,1,0
51,51,48,5,2,5,3,59,"Independent",64,1,0
86,86,72,2,6,3,2,99,"Democrat",25,1,1
72,52,32,5,5,4,2,45,"Democrat",36,0,0
98,65,6,4,4,5,2,10,"Republican",60,1,0
99,100,2,7,4,3,NA,87,"Republican",37,0,1
60,88,54,4,6,3,NA,51,"Democrat",21,1,1
90,60,0,7,1,7,5,41,"Independent",45,1,0
70,100,50,1,3,2,NA,75,"Democrat",52,0,1
84,60,10,7,2,3,4,67,"Republican",42,1,0
95,81,30,2,5,2,2,80,"Democrat",53,0,0
99,45,30,7,2,4,4,90,NA,28,1,0
81,50,29,7,2,4,4,81,"Republican",28,0,0
57,45,41,2,7,4,4,69,"Democrat",26,0,1
100,0,0,7,1,4,5,100,NA,34,1,1
52,51,51,4,4,3,4,50,"Independent",19,0,0
76,93,95,3,7,3,3,74,"Republican",51,1,1
72,82,66,4,4,3,3,92,NA,57,1,0
99,46,1,2,1,1,1,49,"Democrat",25,0,1
50,50,50,6,1,6,3,47,NA,32,1,1
98,53,65,6,3,4,4,100,"Republican",37,1,1
19,42,31,1,7,1,4,23,"Democrat",27,1,0
2,2,1,7,2,7,3,1,"Independent",35,1,0
92,63,70,5,7,3,NA,100,"Independent",57,1,1
97,90,51,6,5,1,3,30,"Democrat",52,1,1
89,89,2,7,2,4,4,31,"Independent",72,0,0
35,67,75,2,5,4,2,29,"Democrat",28,1,0
72,94,100,2,5,4,1,71,"Independent",27,0,1
90,90,90,1,6,4,2,85,NA,23,1,1
51,50,18,7,2,4,4,70,NA,20,1,0
51,50,99,4,7,4,NA,55,"Democrat",22,0,1
71,41,0,1,5,4,NA,50,NA,43,1,0
81,84,16,5,7,1,2,82,"Independent",41,1,0
100,100,80,6,3,4,3,90,"Independent",19,1,1
95,40,2,5,4,2,2,80,"Independent",76,1,1
75,75,75,3,7,6,NA,6,"Independent",43,1,1
60,70,50,5,4,2,4,65,"Democrat",65,0,0
100,41,1,7,1,3,3,50,"Independent",39,1,1
83,47,55,4,3,3,NA,100,"Republican",22,0,1
45,50,70,2,5,4,2,48,"Democrat",21,0,1
92,50,47,6,3,3,4,85,"Republican",49,1,0
100,90,1,6,4,2,NA,25,NA,59,1,1
100,19,1,6,4,3,1,80,"Democrat",29,1,1
33,35,13,2,6,2,2,26,"Independent",35,1,0
44,45,43,2,4,4,4,56,"Democrat",36,1,0
64,65,56,1,4,2,3,70,"Democrat",48,0,0
80,51,49,4,6,4,3,49,"Independent",31,0,0
100,100,71,7,3,2,3,100,"Independent",56,1,0
47,80,80,2,4,2,1,67,"Democrat",23,1,0
74,72,44,2,4,3,2,94,"Democrat",69,1,1
33,25,57,6,NA,4,3,17,"Democrat",31,1,1
90,50,46,7,2,3,4,99,"Republican",64,1,0
47,48,50,4,7,3,3,50,"Democrat",56,0,0
50,50,50,7,1,7,4,50,"Republican",36,1,0
100,100,99,1,NA,1,2,1,"Democrat",39,0,1
100,49,50,5,6,1,3,100,"Democrat",41,0,1
69,3,3,7,NA,3,4,77,"Republican",54,1,1
100,100,59,4,NA,4,3,100,NA,41,0,1
70,65,62,3,7,6,2,31,"Independent",58,1,1
3,89,50,1,7,4,3,42,"Democrat",33,0,1
90,89,85,1,4,3,4,52,"Democrat",55,0,0
19,51,18,5,NA,3,3,19,"Independent",20,0,0
87,77,71,1,3,2,1,82,"Independent",32,1,0
77,80,16,3,7,4,5,59,"Republican",47,0,1
50,70,50,2,NA,2,3,52,"Independent",60,0,1
83,46,11,7,2,4,4,76,"Republican",26,1,0
54,52,51,5,4,3,3,40,NA,49,1,0
95,66,36,2,5,4,1,91,"Democrat",62,1,0
50,50,49,3,4,3,3,81,"Independent",30,0,0
71,51,7,7,1,1,4,100,"Republican",74,1,1
31,4,0,7,2,3,4,89,"Independent",52,1,0
90,90,50,1,7,4,2,7,"Democrat",59,1,0
81,91,90,2,NA,4,2,71,"Independent",35,1,1
69,75,69,2,NA,1,4,85,"Democrat",69,0,1
50,50,50,5,3,5,3,2,NA,32,1,0
85,84,83,3,7,4,4,89,"Republican",40,0,0
53,99,70,1,5,1,3,12,"Democrat",55,0,0
19,82,52,1,5,1,NA,4,"Democrat",63,0,0
100,81,44,6,7,2,3,89,"Republican",50,1,1
56,100,6,4,7,4,3,73,NA,40,1,1
96,82,31,7,1,4,4,89,"Republican",41,1,0
50,21,5,2,1,2,3,69,"Independent",33,0,0
93,59,81,1,7,3,4,69,"Democrat",48,0,1
50,50,50,2,NA,3,NA,72,"Democrat",19,0,0
95,96,70,7,2,3,4,95,"Independent",52,0,0
69,50,51,1,7,2,1,20,"Independent",25,1,0
99,96,95,1,6,2,2,92,"Democrat",62,1,1
92,100,6,1,7,1,1,100,"Democrat",48,0,1
59,84,90,2,6,2,3,70,"Democrat",60,1,0
55,59,50,2,3,3,3,16,"Independent",27,0,0
70,71,6,5,2,4,5,1,"Independent",59,1,0
55,50,31,6,1,4,3,89,"Independent",66,1,0
86,96,96,2,5,4,2,91,"Democrat",41,1,1
75,92,90,2,5,3,2,40,"Democrat",19,0,1
52,50,51,4,5,3,1,60,"Democrat",20,0,1
75,67,16,5,3,3,4,81,"Democrat",44,1,0
78,82,72,4,NA,3,3,71,"Independent",19,1,1
80,97,75,1,6,1,3,66,"Democrat",20,0,1
79,85,71,7,2,4,3,83,"Republican",27,1,0
52,51,27,6,4,3,3,24,"Independent",23,1,1
48,49,49,5,3,4,3,48,"Republican",19,1,1
100,81,70,7,3,2,2,99,"Republican",54,1,0
70,100,100,1,7,4,1,51,"Democrat",44,1,0
96,100,96,2,7,2,2,45,"Democrat",43,0,1
59,99,8,2,4,3,3,44,"Democrat",24,0,1
50,28,48,1,NA,3,NA,67,NA,19,0,1
50,70,50,3,5,6,1,0,"Democrat",38,0,0
65,42,31,3,1,4,4,69,NA,57,1,1
76,87,84,6,2,6,3,91,"Independent",37,1,1
72,90,62,7,1,7,4,79,"Independent",46,1,1
80,80,61,2,5,2,2,90,"Democrat",72,1,0
59,11,16,4,5,4,NA,51,NA,34,1,0
50,40,50,2,1,4,NA,51,"Independent",19,0,0
31,38,49,3,5,3,2,3,"Democrat",33,0,0
63,69,48,7,2,3,4,96,"Republican",29,1,0
12,22,15,7,NA,4,NA,3,NA,22,1,0
50,50,50,7,3,3,3,90,"Independent",26,1,0
100,97,90,1,7,1,4,80,"Democrat",79,1,1
51,84,80,2,NA,3,3,50,"Independent",32,1,0
91,50,62,2,NA,2,3,84,"Independent",38,0,1
64,61,65,3,5,2,3,70,"Independent",32,1,0
68,89,85,3,5,4,2,62,"Democrat",20,1,1
100,100,50,7,4,4,3,82,"Republican",35,1,1
88,91,58,1,7,4,4,5,"Democrat",42,0,0
88,80,1,7,2,2,4,97,"Republican",46,1,0
67,9,34,2,7,3,1,72,"Democrat",23,1,1
59,59,54,7,4,4,3,87,"Independent",56,1,1
38,49,49,4,4,5,3,32,"Independent",26,1,0
56,100,57,1,NA,1,NA,51,"Democrat",29,0,0
74,81,11,4,6,2,NA,74,"Democrat",59,1,0
39,71,30,2,7,1,1,61,"Republican",26,0,0
51,32,37,1,7,1,3,41,"Democrat",41,0,0
74,100,40,4,NA,1,2,28,"Democrat",62,0,1
80,98,50,1,5,2,2,76,"Democrat",59,0,1
74,20,39,3,4,5,3,49,"Democrat",28,0,1
63,98,95,1,7,4,3,98,"Independent",21,0,1
72,80,79,2,4,2,2,52,"Independent",42,0,0
97,64,5,5,5,2,3,53,"Republican",48,1,0
86,85,51,6,5,3,NA,95,"Independent",53,0,0
47,17,5,7,4,4,5,42,"Republican",46,1,0
74,84,79,2,1,2,3,91,NA,26,1,0
99,39,0,2,4,3,3,60,"Democrat",42,1,0
50,90,69,1,7,4,1,51,"Democrat",55,0,1
0,0,0,4,3,7,NA,2,"Independent",28,0,0
63,75,58,3,6,4,1,46,"Democrat",20,0,0
50,50,30,2,7,2,NA,70,"Democrat",57,1,1
50,51,21,7,1,3,5,99,"Republican",28,1,1
87,91,77,2,2,4,3,41,"Independent",35,1,0
46,53,56,2,6,4,1,41,"Independent",39,1,1
50,93,32,1,NA,3,5,31,"Democrat",40,0,0
90,95,91,2,6,2,4,91,"Democrat",44,0,1
73,74,76,2,6,2,1,67,"Democrat",29,1,1
100,100,88,2,4,6,NA,78,"Democrat",34,0,1
89,90,49,3,NA,1,NA,70,"Independent",65,1,1
78,60,44,7,6,2,4,78,"Independent",36,1,1
85,13,4,6,1,7,3,1,"Independent",36,1,1
68,82,92,3,3,4,3,68,"Independent",20,1,1
89,58,65,6,NA,2,3,78,"Republican",39,1,1
85,85,30,6,4,6,3,45,"Independent",57,1,0
22,17,24,3,6,4,4,42,"Democrat",27,0,0
95,55,41,3,4,1,3,56,NA,43,1,0
89,90,85,2,6,4,2,94,"Democrat",29,1,1
41,61,4,1,4,5,2,55,NA,31,1,0
50,75,30,7,3,2,5,64,"Republican",21,0,0
41,41,27,6,6,5,3,35,NA,29,0,1
99,100,100,2,6,2,2,50,"Democrat",62,1,0
85,85,40,6,4,2,3,85,"Independent",57,1,1
56,54,54,4,4,4,4,90,"Republican",54,1,1
51,89,87,2,6,4,1,39,"Democrat",29,1,1
61,88,70,5,4,2,3,69,"Independent",53,1,1
72,49,2,3,NA,4,1,63,"Independent",91,1,1
91,92,94,2,4,3,1,87,"Democrat",57,0,0
62,77,73,2,5,3,1,23,"Democrat",24,1,1
91,99,48,7,NA,4,NA,98,"Independent",25,1,0
95,11,1,7,4,1,3,86,"Independent",60,1,1
59,61,41,7,7,4,NA,55,"Independent",57,1,1
70,40,36,6,NA,3,3,60,"Independent",64,1,1
85,81,35,7,4,1,3,100,"Independent",69,1,0
89,45,36,2,4,4,3,56,"Independent",40,1,0
73,91,88,2,4,4,1,86,"Independent",46,1,0
100,79,38,1,5,1,2,98,"Democrat",73,0,1
90,89,64,3,6,2,3,65,"Democrat",75,1,0
99,60,4,7,2,5,4,99,"Republican",85,1,1
66,59,43,7,2,4,4,59,"Independent",70,1,1
50,56,56,2,3,3,1,81,"Independent",37,1,0
81,64,73,2,7,1,1,100,NA,28,1,0
50,50,45,7,1,5,4,89,"Republican",34,1,0
69,68,50,1,3,4,3,66,"Democrat",40,0,1
50,75,65,2,6,4,1,50,"Democrat",60,1,0
52,71,59,2,6,4,2,59,"Democrat",27,1,0
50,50,50,3,7,6,2,21,"Independent",19,1,1
97,100,8,7,4,7,5,63,"Republican",32,1,0
52,96,89,2,7,5,1,4,"Democrat",38,0,1
99,99,52,4,1,2,3,61,NA,43,1,1
82,79,85,1,4,7,3,50,"Independent",50,1,0
50,50,31,7,1,3,5,99,"Independent",41,1,1
100,100,50,3,NA,4,1,52,"Democrat",26,1,0
51,50,53,7,1,3,5,59,"Republican",40,1,0
0,84,31,2,5,6,3,51,"Democrat",24,0,1
70,71,70,6,5,3,NA,90,NA,26,1,1
100,100,99,2,6,6,2,90,"Independent",62,1,0
60,70,2,7,4,3,4,90,"Republican",61,1,0
71,60,34,4,7,5,NA,38,"Democrat",27,0,1
66,9,3,5,2,2,2,75,"Republican",56,1,1
99,80,53,7,1,3,4,96,"Republican",68,1,1
51,50,51,4,NA,2,NA,100,"Independent",21,1,0
100,100,53,3,5,3,3,30,"Democrat",33,0,0
50,53,0,7,1,2,5,99,"Republican",22,1,0
50,100,50,1,NA,4,1,30,"Democrat",21,0,1
71,49,16,5,NA,2,NA,56,"Independent",34,0,1
83,69,51,7,2,2,4,88,"Independent",38,0,1
8,37,18,2,5,4,2,12,"Independent",26,0,1
81,71,70,1,5,3,2,100,"Democrat",72,1,0
42,73,26,3,5,3,4,50,"Independent",47,0,1
50,52,53,2,4,2,3,27,"Democrat",22,0,1
49,100,78,1,4,1,1,3,"Democrat",36,0,1
61,58,20,7,3,4,5,92,"Republican",38,1,0
64,66,27,4,4,4,4,55,"Republican",23,1,0
86,81,10,2,5,2,3,99,"Democrat",58,0,1
49,96,71,2,6,5,3,6,NA,43,0,1
60,68,NA,5,NA,4,NA,65,"Democrat",67,1,1
41,77,76,3,4,5,2,78,NA,29,1,1
65,100,53,1,6,3,1,5,"Democrat",40,0,1
41,39,41,4,NA,4,2,27,"Democrat",22,1,0
89,50,15,7,3,2,4,90,"Independent",62,1,1
50,50,50,3,5,4,2,30,"Democrat",21,1,1
85,80,1,7,4,4,4,100,"Republican",21,1,0
36,50,51,2,4,2,2,41,NA,19,0,1
98,100,50,7,4,3,3,99,"Republican",39,1,1
28,65,20,4,4,4,4,39,"Independent",20,1,1
78,60,17,5,5,3,3,31,"Independent",29,1,0
82,64,60,3,2,3,3,29,NA,64,0,1
63,25,2,1,7,3,3,43,"Republican",24,1,0
52,50,62,2,3,4,3,48,"Democrat",38,0,1
100,40,1,2,5,1,2,98,"Democrat",35,1,1
50,62,50,3,5,5,3,44,"Democrat",32,1,0
49,53,1,4,4,5,NA,8,NA,39,1,0
0,100,2,7,1,4,1,0,"Independent",40,1,0
89,44,8,7,1,2,4,100,"Republican",76,1,1
47,100,100,2,NA,4,1,79,"Democrat",33,1,1
98,96,85,3,6,3,3,96,"Republican",20,1,1
91,47,3,7,3,2,4,97,"Republican",59,1,0
47,95,91,1,5,2,1,46,"Democrat",26,1,1
59,58,50,1,7,4,1,59,"Democrat",30,1,0
74,77,76,2,7,3,1,21,"Democrat",30,0,1
50,50,51,6,6,2,NA,11,"Independent",25,1,1
87,93,97,3,4,5,3,91,"Republican",33,1,0
95,89,100,3,4,3,2,99,"Democrat",25,1,1
52,56,50,4,5,2,3,48,"Independent",35,1,1
69,55,51,3,6,3,3,68,"Independent",33,1,0
5,100,4,3,7,2,2,100,"Democrat",35,0,1
89,71,70,2,6,1,3,50,"Independent",45,0,0
71,34,68,4,6,5,4,57,"Republican",27,0,0
75,52,61,4,2,4,3,64,"Independent",20,0,0
52,83,13,7,7,4,NA,100,"Independent",38,1,0
56,68,82,2,7,3,1,50,"Democrat",22,1,1
40,100,100,3,7,2,1,0,NA,26,0,1
21,100,100,2,7,1,1,29,"Independent",24,1,1
78,86,79,3,3,6,2,29,"Independent",30,1,1
89,97,96,2,6,6,2,90,"Independent",22,1,1
92,70,53,4,4,3,1,53,NA,30,0,0
95,79,93,2,4,2,4,94,"Democrat",30,0,1
75,75,82,2,4,4,2,63,"Democrat",28,1,0
51,99,88,2,4,6,3,0,"Independent",33,1,0
52,92,92,2,6,4,1,58,"Democrat",23,0,0
78,64,41,2,3,2,2,75,"Independent",30,1,1
62,59,51,7,4,2,4,86,"Republican",79,1,1
100,100,52,6,5,4,3,75,"Independent",37,1,0
16,99,100,2,7,7,1,5,"Democrat",28,1,0
69,63,65,2,7,1,1,65,"Independent",45,1,1
55,98,0,2,NA,4,NA,0,"Democrat",24,0,0
100,50,0,7,1,4,5,84,"Independent",65,1,0
50,50,10,7,1,1,5,70,"Republican",39,1,0
99,86,1,4,6,4,NA,100,"Independent",27,1,0
100,83,1,7,5,2,3,11,"Independent",42,1,0
83,84,1,7,1,2,4,100,"Republican",79,1,0
62,75,39,3,6,4,1,16,"Democrat",29,1,0
100,100,41,6,3,4,4,89,NA,46,1,1
50,51,50,4,2,3,3,60,"Independent",49,1,1
100,98,81,7,1,4,5,49,"Republican",35,1,1
76,91,91,2,5,2,2,63,"Democrat",23,1,0
99,88,68,5,3,3,3,84,"Republican",27,1,1
100,71,41,1,7,1,1,93,"Democrat",21,1,1
81,78,56,1,5,1,3,79,"Democrat",55,1,1
80,90,8,4,NA,4,3,54,"Republican",43,0,0
29,79,54,1,4,4,1,56,"Democrat",29,0,1
91,70,57,6,6,3,NA,71,NA,63,1,1
50,100,91,1,6,5,3,50,"Independent",44,0,0
100,100,100,1,7,1,1,100,"Democrat",52,0,1
98,10,5,7,6,4,3,5,"Republican",43,1,0
89,91,57,7,3,4,4,88,"Republican",74,1,1
85,85,3,6,3,3,5,71,"Republican",19,1,0
88,15,3,7,1,2,5,53,"Republican",29,1,0
66,68,15,3,6,3,2,74,"Independent",25,0,1
99,68,51,7,4,5,4,72,"Republican",25,1,1
100,18,12,7,4,4,3,100,"Democrat",26,1,1
50,91,9,6,4,5,3,41,"Republican",23,1,1
100,100,75,1,6,1,3,95,"Independent",56,1,1
70,98,98,2,4,4,2,92,"Independent",29,1,1
91,92,99,2,3,1,4,73,"Democrat",51,0,0
50,40,46,2,3,4,3,87,"Independent",23,0,0
53,52,60,2,6,4,2,63,"Democrat",63,1,1
97,100,100,3,6,4,1,56,"Democrat",36,1,0
75,76,81,5,7,2,3,72,"Independent",59,1,1
100,39,14,7,6,1,NA,45,"Democrat",27,1,1
50,50,30,7,3,3,2,100,"Republican",22,1,1
93,19,66,4,7,1,3,62,"Democrat",30,1,1
37,58,31,2,3,1,3,89,"Democrat",47,1,1
50,50,50,2,6,4,2,59,"Democrat",23,1,1
88,41,45,7,6,3,3,100,"Independent",34,1,1
79,94,5,3,6,4,3,39,"Democrat",22,0,0
72,72,8,6,5,3,3,80,"Independent",54,1,1
35,58,6,7,6,7,3,33,"Independent",31,1,1
74,72,80,2,7,4,5,49,"Republican",22,0,1
100,99,1,7,4,2,4,100,"Republican",43,1,1
78,44,4,3,1,3,3,100,"Democrat",30,0,1
85,85,61,2,6,3,5,66,"Republican",31,0,0
100,100,5,4,4,4,NA,40,"Republican",37,1,1
60,70,65,2,6,5,1,40,"Democrat",20,1,0
90,90,90,2,4,3,2,40,"Democrat",25,1,1
51,51,31,3,NA,4,3,63,"Independent",23,1,1
99,90,51,5,5,2,3,96,"Democrat",34,1,1
58,50,38,4,5,2,4,57,"Independent",43,0,1
50,51,40,7,1,4,4,51,"Republican",40,1,0
88,49,22,7,2,6,5,93,"Republican",47,1,0
47,78,18,4,6,2,NA,74,"Democrat",38,0,1
91,97,68,6,2,4,3,89,"Independent",22,1,1
71,63,8,7,4,4,NA,98,"Republican",36,1,1
85,100,80,5,4,6,2,50,"Democrat",41,0,0
50,50,50,6,7,5,1,41,"Independent",39,1,0
60,70,82,1,5,5,2,48,"Democrat",23,1,0
85,72,77,1,6,2,4,87,"Democrat",28,1,0
84,47,45,2,5,4,3,65,"Democrat",62,1,0
80,80,41,5,4,4,3,80,"Independent",26,1,0
98,83,64,1,7,3,3,84,"Democrat",42,1,0
60,46,89,7,2,2,5,90,NA,29,0,1
50,50,15,1,4,1,3,40,"Democrat",26,1,1
40,99,52,1,4,4,2,41,"Independent",41,0,0
84,56,43,4,4,2,3,84,"Democrat",37,1,1
87,90,86,2,7,4,1,16,"Democrat",31,1,0
40,90,89,1,NA,1,1,40,"Democrat",45,0,1
98,82,58,2,4,2,2,30,"Republican",29,1,1
31,100,100,5,7,1,1,73,"Independent",27,1,0
99,46,0,7,NA,3,4,74,"Republican",64,1,1
73,66,60,5,5,4,4,89,"Republican",25,1,1
66,46,NA,7,3,4,3,53,"Democrat",62,0,1
16,4,1,7,NA,3,4,31,"Independent",34,1,1
100,90,70,7,1,6,4,31,NA,32,1,1
72,72,50,3,7,3,2,66,"Independent",24,1,0
50,100,100,1,5,5,2,31,"Democrat",29,1,1
90,99,94,2,4,6,4,99,"Republican",37,1,1
53,51,23,3,4,3,NA,76,"Independent",24,1,1
99,94,82,6,4,1,4,100,"Republican",48,1,1
80,85,29,4,5,1,2,95,"Democrat",26,0,1
82,80,100,1,4,1,1,43,"Democrat",22,0,1
62,72,60,6,4,2,2,87,"Democrat",28,1,1
25,99,5,1,NA,1,3,3,"Democrat",31,0,0
76,80,40,2,5,3,2,89,"Independent",29,1,1
96,97,86,2,6,3,1,94,"Republican",30,1,1
94,33,7,7,1,3,NA,68,"Republican",39,1,0
48,50,50,4,NA,4,NA,50,"Independent",24,1,1
69,69,31,7,3,4,4,76,"Republican",52,0,1
51,50,42,6,5,3,4,70,"Republican",30,1,1
50,50,30,7,3,2,4,85,"Republican",67,0,0
74,65,1,7,7,3,NA,61,"Independent",54,1,1
50,50,46,5,3,4,3,50,"Republican",27,1,1
61,63,59,3,6,3,2,53,"Democrat",28,1,1
87,86,0,7,4,1,NA,50,"Independent",24,1,1
94,84,38,4,7,5,3,86,"Independent",21,1,1
57,54,59,3,6,3,3,67,"Democrat",25,0,0
85,85,85,1,5,6,3,30,"Independent",62,0,1
100,66,28,6,5,3,3,90,"Republican",25,1,1
100,100,50,6,3,3,3,100,"Independent",30,1,0
42,82,67,6,3,3,2,54,"Independent",27,1,0
100,100,88,7,1,4,3,75,"Independent",31,1,0
50,51,22,2,7,7,1,8,NA,23,1,0
63,100,100,2,4,6,2,54,"Democrat",19,1,0
70,30,10,3,3,3,2,56,"Democrat",25,0,1
51,4,70,2,7,5,2,51,"Democrat",37,0,0
65,76,95,1,7,1,2,90,"Democrat",34,0,1
88,89,80,2,4,2,2,100,"Independent",30,0,1
50,61,30,2,7,3,2,60,"Republican",30,0,0
36,89,85,2,5,4,2,32,"Independent",20,1,1
70,90,11,1,6,1,2,80,"Democrat",51,0,0
99,81,3,3,4,4,2,60,"Republican",58,1,1
94,91,31,3,6,3,2,77,"Independent",34,1,0
87,53,2,7,4,4,5,85,"Independent",24,1,1
86,86,81,2,5,3,3,100,"Democrat",60,1,1
47,57,53,3,6,1,1,55,"Democrat",27,1,0
69,72,27,2,3,4,2,78,"Democrat",20,0,1
7,7,4,3,1,2,4,81,"Republican",42,0,0
50,4,4,1,1,2,3,70,"Democrat",33,0,0
100,91,19,7,1,3,3,100,"Republican",28,1,0
91,69,47,7,2,2,3,72,"Independent",29,0,1
73,64,64,2,6,3,2,89,"Democrat",20,0,0
52,53,55,5,6,3,4,100,"Independent",35,1,1
99,35,31,7,5,3,4,100,"Republican",51,1,1
97,96,54,2,NA,1,2,79,"Democrat",45,0,0
84,94,54,1,5,3,2,78,"Democrat",56,0,0
65,27,1,7,5,2,3,86,NA,53,1,0
99,100,100,6,3,7,3,99,"Independent",27,0,0
75,88,77,2,7,4,2,49,"Democrat",31,1,0
85,85,90,2,6,2,2,40,"Democrat",25,1,0
84,89,82,2,6,4,1,9,"Democrat",46,1,0
73,57,26,6,4,3,2,60,"Independent",64,1,0
100,47,3,7,5,3,5,100,"Republican",29,1,1
61,51,50,7,3,3,4,91,"Independent",54,1,1
50,50,50,7,NA,7,NA,50,"Independent",36,0,1
94,98,50,1,5,2,3,73,NA,51,1,1
53,52,50,4,1,4,NA,50,"Democrat",38,1,0
88,85,10,6,NA,2,2,84,"Independent",65,1,1
65,60,45,7,1,7,5,41,"Independent",23,1,0
90,98,80,2,3,3,2,72,"Democrat",40,1,1
77,63,70,4,4,2,2,62,"Independent",92,1,1
70,71,50,1,7,4,1,60,"Democrat",63,1,1
58,91,91,2,7,4,1,53,"Democrat",22,0,0
100,71,51,7,6,3,4,40,"Republican",47,1,0
80,84,70,2,5,4,1,90,"Independent",38,1,0
76,89,1,1,4,1,2,0,"Democrat",26,0,1
44,54,100,2,7,2,1,44,"Republican",22,1,0
89,86,72,5,5,3,3,98,"Democrat",24,1,1
63,16,1,7,3,3,4,62,"Republican",68,1,1
57,80,87,2,5,7,2,34,"Independent",25,1,0
86,53,44,5,7,1,3,88,"Independent",24,0,1
100,100,100,4,5,2,5,75,"Independent",20,0,1
52,50,53,1,5,3,3,84,NA,34,1,0
99,62,52,5,4,4,4,100,"Independent",33,1,1
50,56,17,6,NA,4,3,90,"Independent",40,1,1
71,40,44,6,1,1,5,89,"Republican",32,1,0
100,27,25,7,5,2,4,86,"Republican",56,1,1
50,50,45,2,6,3,2,66,"Democrat",63,1,0
97,28,3,6,5,2,NA,38,"Democrat",61,1,1
100,98,13,3,4,4,3,100,NA,39,1,1
42,35,33,2,4,4,2,45,"Democrat",34,1,0
91,13,53,6,5,3,3,11,NA,35,1,1
96,99,90,6,3,4,3,100,"Republican",35,1,0
4,94,76,2,NA,4,NA,3,"Democrat",38,0,0
85,73,32,6,7,3,1,76,"Republican",53,0,1
51,86,81,2,7,2,1,11,"Democrat",81,0,0
89,9,70,7,4,3,2,99,"Independent",27,1,1
63,55,40,6,NA,7,3,69,"Democrat",51,0,1
78,97,89,3,5,3,2,31,"Independent",24,1,0
72,72,66,7,4,4,4,85,"Republican",55,1,1
92,100,100,2,7,5,2,70,"Democrat",30,1,1
100,94,100,1,7,1,1,91,"Republican",26,1,1
85,84,80,1,5,2,3,94,"Independent",43,0,0
50,65,65,2,6,4,2,42,"Democrat",26,1,1
71,68,59,6,2,3,3,83,"Republican",34,1,1
49,55,50,6,4,4,NA,53,"Independent",27,1,0
71,54,55,6,6,2,3,98,"Republican",41,1,1
42,NA,1,7,5,4,3,96,"Republican",54,0,1
69,74,59,7,6,6,4,6,"Republican",61,0,0
70,90,90,1,6,3,1,60,"Democrat",27,1,1
99,99,99,2,NA,3,2,95,"Democrat",19,1,1
49,50,51,5,7,5,NA,91,"Independent",27,1,1
81,86,33,5,6,3,4,67,NA,31,1,1
70,81,76,2,7,5,3,76,"Independent",53,1,0
50,100,0,1,NA,4,2,50,"Republican",55,0,1
71,10,1,6,7,1,2,99,"Democrat",40,1,1
49,52,56,2,4,4,3,50,"Independent",19,1,0
75,75,55,1,6,2,3,78,"Democrat",50,1,0
99,100,98,6,3,3,4,99,"Republican",31,1,1
81,71,63,5,1,3,3,81,"Independent",43,1,1
63,94,54,2,7,1,1,16,"Democrat",49,0,1
64,97,100,1,6,3,3,62,"Democrat",41,0,1
90,69,1,7,5,4,4,90,"Republican",61,1,1
94,88,66,3,6,1,2,88,"Democrat",46,0,1
50,50,51,2,2,4,3,50,"Independent",61,1,0
70,100,51,4,7,3,2,64,"Republican",59,0,1
0,0,0,7,3,2,3,0,"Independent",65,1,1
76,81,69,4,6,4,2,82,"Democrat",36,1,1
51,50,53,2,5,5,3,83,"Democrat",21,1,1
80,50,10,7,1,1,4,100,"Republican",62,1,0
53,52,54,3,5,4,2,58,"Independent",26,1,0
57,73,60,3,3,4,NA,85,"Independent",43,1,0
78,77,65,7,5,2,3,27,"Independent",37,0,0
90,51,41,7,4,2,3,56,NA,59,1,1
99,2,3,7,7,3,3,55,"Independent",46,1,0
100,5,0,3,4,5,1,0,"Independent",35,1,0
40,60,70,1,5,3,1,50,"Democrat",64,1,0
100,100,100,3,3,4,3,100,"Independent",24,0,1
76,86,95,5,6,3,3,99,"Democrat",63,1,1
57,61,19,1,7,1,4,67,"Democrat",28,1,0
17,50,20,4,5,3,4,52,"Independent",31,1,0
77,91,63,1,4,4,4,72,"Democrat",39,0,1
82,68,81,5,4,2,NA,84,"Republican",58,1,1
50,51,50,2,6,5,1,40,"Democrat",22,1,0
70,70,70,4,6,4,3,15,"Independent",39,1,0
12,67,37,4,6,1,3,43,"Democrat",38,0,1
